{
  "Products" : {
    "transaction" : "Products",
    "sampleCount" : 8500,
    "errorCount" : 4,
    "errorPct" : 0.047058824,
    "meanResTime" : 8.69329411764709,
    "medianResTime" : 4.0,
    "minResTime" : 1.0,
    "maxResTime" : 83.0,
    "pct1ResTime" : 25.0,
    "pct2ResTime" : 36.0,
    "pct3ResTime" : 48.0,
    "throughput" : 1018.4519530313922,
    "receivedKBytesPerSec" : 1641.9921406961419,
    "sentKBytesPerSec" : 247.65091436017252
  },
  "Total" : {
    "transaction" : "Total",
    "sampleCount" : 8500,
    "errorCount" : 4,
    "errorPct" : 0.047058824,
    "meanResTime" : 8.69329411764709,
    "medianResTime" : 4.0,
    "minResTime" : 1.0,
    "maxResTime" : 83.0,
    "pct1ResTime" : 25.0,
    "pct2ResTime" : 36.0,
    "pct3ResTime" : 48.0,
    "throughput" : 1018.4519530313922,
    "receivedKBytesPerSec" : 1641.9921406961419,
    "sentKBytesPerSec" : 247.65091436017252
  }
}