{
  "Products" : {
    "transaction" : "Products",
    "sampleCount" : 21000,
    "errorCount" : 46,
    "errorPct" : 0.21904762,
    "meanResTime" : 22.216619047619133,
    "medianResTime" : 9.0,
    "minResTime" : 1.0,
    "maxResTime" : 229.0,
    "pct1ResTime" : 51.0,
    "pct2ResTime" : 71.0,
    "pct3ResTime" : 105.0,
    "throughput" : 2026.4402200135096,
    "receivedKBytesPerSec" : 3296.610009770337,
    "sentKBytesPerSec" : 492.75743631187885
  },
  "Total" : {
    "transaction" : "Total",
    "sampleCount" : 21000,
    "errorCount" : 46,
    "errorPct" : 0.21904762,
    "meanResTime" : 22.216619047619133,
    "medianResTime" : 9.0,
    "minResTime" : 1.0,
    "maxResTime" : 229.0,
    "pct1ResTime" : 51.0,
    "pct2ResTime" : 71.0,
    "pct3ResTime" : 105.0,
    "throughput" : 2026.4402200135096,
    "receivedKBytesPerSec" : 3296.610009770337,
    "sentKBytesPerSec" : 492.75743631187885
  }
}