{
  "Products" : {
    "transaction" : "Products",
    "sampleCount" : 6500,
    "errorCount" : 2,
    "errorPct" : 0.03076923,
    "meanResTime" : 18.87830769230768,
    "medianResTime" : 8.0,
    "minResTime" : 3.0,
    "maxResTime" : 242.0,
    "pct1ResTime" : 46.0,
    "pct2ResTime" : 78.94999999999982,
    "pct3ResTime" : 145.0,
    "throughput" : 506.74358774460126,
    "receivedKBytesPerSec" : 817.21097952561,
    "sentKBytesPerSec" : 122.72696265689561
  },
  "Total" : {
    "transaction" : "Total",
    "sampleCount" : 6500,
    "errorCount" : 2,
    "errorPct" : 0.03076923,
    "meanResTime" : 18.87830769230768,
    "medianResTime" : 8.0,
    "minResTime" : 3.0,
    "maxResTime" : 242.0,
    "pct1ResTime" : 46.0,
    "pct2ResTime" : 78.94999999999982,
    "pct3ResTime" : 145.0,
    "throughput" : 506.74358774460126,
    "receivedKBytesPerSec" : 817.21097952561,
    "sentKBytesPerSec" : 122.72696265689561
  }
}