{
  "Products" : {
    "transaction" : "Products",
    "sampleCount" : 7000,
    "errorCount" : 2,
    "errorPct" : 0.028571429,
    "meanResTime" : 1047.5109999999968,
    "medianResTime" : 936.5,
    "minResTime" : 4.0,
    "maxResTime" : 4363.0,
    "pct1ResTime" : 2172.0,
    "pct2ResTime" : 2403.8999999999996,
    "pct3ResTime" : 3015.9699999999993,
    "throughput" : 779.3364506791361,
    "receivedKBytesPerSec" : 1256.9445531688377,
    "sentKBytesPerSec" : 188.74554664885326
  },
  "Total" : {
    "transaction" : "Total",
    "sampleCount" : 7000,
    "errorCount" : 2,
    "errorPct" : 0.028571429,
    "meanResTime" : 1047.5109999999968,
    "medianResTime" : 936.5,
    "minResTime" : 4.0,
    "maxResTime" : 4363.0,
    "pct1ResTime" : 2172.0,
    "pct2ResTime" : 2403.8999999999996,
    "pct3ResTime" : 3015.9699999999993,
    "throughput" : 779.3364506791361,
    "receivedKBytesPerSec" : 1256.9445531688377,
    "sentKBytesPerSec" : 188.74554664885326
  }
}