{
  "Products" : {
    "transaction" : "Products",
    "sampleCount" : 10000,
    "errorCount" : 4,
    "errorPct" : 0.04,
    "meanResTime" : 318.4322000000004,
    "medianResTime" : 212.5,
    "minResTime" : 2.0,
    "maxResTime" : 2112.0,
    "pct1ResTime" : 820.0,
    "pct2ResTime" : 950.9499999999989,
    "pct3ResTime" : 1198.9899999999998,
    "throughput" : 1015.8472165786266,
    "receivedKBytesPerSec" : 1637.089276304094,
    "sentKBytesPerSec" : 247.0175360625762
  },
  "Total" : {
    "transaction" : "Total",
    "sampleCount" : 10000,
    "errorCount" : 4,
    "errorPct" : 0.04,
    "meanResTime" : 318.4322000000004,
    "medianResTime" : 212.5,
    "minResTime" : 2.0,
    "maxResTime" : 2112.0,
    "pct1ResTime" : 820.0,
    "pct2ResTime" : 950.9499999999989,
    "pct3ResTime" : 1198.9899999999998,
    "throughput" : 1015.8472165786266,
    "receivedKBytesPerSec" : 1637.089276304094,
    "sentKBytesPerSec" : 247.0175360625762
  }
}