{
  "Products" : {
    "transaction" : "Products",
    "sampleCount" : 7000,
    "errorCount" : 7000,
    "errorPct" : 100.0,
    "meanResTime" : 1943.8425714285768,
    "medianResTime" : 1971.5,
    "minResTime" : 3.0,
    "maxResTime" : 4073.0,
    "pct1ResTime" : 3693.9000000000005,
    "pct2ResTime" : 3777.0,
    "pct3ResTime" : 3808.0,
    "throughput" : 656.4141035258815,
    "receivedKBytesPerSec" : 222.43720109714928,
    "sentKBytesPerSec" : 158.9752906976744
  },
  "Total" : {
    "transaction" : "Total",
    "sampleCount" : 7000,
    "errorCount" : 7000,
    "errorPct" : 100.0,
    "meanResTime" : 1943.8425714285768,
    "medianResTime" : 1971.5,
    "minResTime" : 3.0,
    "maxResTime" : 4073.0,
    "pct1ResTime" : 3693.9000000000005,
    "pct2ResTime" : 3777.0,
    "pct3ResTime" : 3808.0,
    "throughput" : 656.4141035258815,
    "receivedKBytesPerSec" : 222.43720109714928,
    "sentKBytesPerSec" : 158.9752906976744
  }
}